      {"text": "maven", "size":0.001},
      {"text": "timer", "size":0.001},
      {"text": "c", "size":0.025},
      {"text": "r", "size":0.003},
      {"text": "update", "size":0.001},
      {"text": "version-control", "size":0.002},
      {"text": "servlets", "size":0.002},
      {"text": "asp.net-mvc-3", "size":0.005},
      {"text": "asp.net-mvc-2", "size":0.002},
      {"text": "script", "size":0.001},
      {"text": "audio", "size":0.001},
      {"text": "facebook", "size":0.006},
      {"text": "datagridview", "size":0.001},
      {"text": "project-management", "size":0.001},
      {"text": "mvvm", "size":0.001},
      {"text": "3d", "size":0.001},
      {"text": "printing", "size":0.001},
      {"text": "image-processing", "size":0.001},
      {"text": "css3", "size":0.001},
      {"text": "struct", "size":0.001},
      {"text": "binding", "size":0.001},
      {"text": "jquery-ajax", "size":0.002},
      {"text": "f#", "size":0.001},
      {"text": "templates", "size":0.003},
      {"text": "c#", "size":0.109},
      {"text": "linq-to-sql", "size":0.002},
      {"text": "activerecord", "size":0.001},
      {"text": "ms-access", "size":0.002},
      {"text": "events", "size":0.003},
      {"text": "qt", "size":0.003},
      {"text": "error-handling", "size":0.001},
      {"text": "programming-languages", "size":0.002},
      {"text": "build", "size":0.001},
      {"text": "encoding", "size":0.001},
      {"text": "interface", "size":0.001},
      {"text": "plsql", "size":0.001},
      {"text": "drupal", "size":0.002},
      {"text": "video", "size":0.001},
      {"text": "matlab", "size":0.002},
      {"text": "database", "size":0.012},
      {"text": "header", "size":0.001},
      {"text": "ipad", "size":0.004},
      {"text": "jsf-2.0", "size":0.001},
      {"text": "clojure", "size":0.001},
      {"text": "ios5", "size":0.001},
      {"text": "ios4", "size":0.001},
      {"text": "garbage-collection", "size":0.001},
      {"text": "zend-framework", "size":0.003},
      {"text": "asp-classic", "size":0.001},
      {"text": "compilation", "size":0.001},
      {"text": "google-chrome", "size":0.002},
      {"text": "delegates", "size":0.001},
      {"text": "cakephp", "size":0.002},
      {"text": "junit", "size":0.001},
      {"text": "view", "size":0.001},
      {"text": "regex", "size":0.014},
      {"text": "design", "size":0.004},
      {"text": "parsing", "size":0.003},
      {"text": "iis7", "size":0.001},
      {"text": "testing", "size":0.002},
      {"text": "android-layout", "size":0.001},
      {"text": "msbuild", "size":0.001},
      {"text": "data-binding", "size":0.002},
      {"text": "multidimensional-array", "size":0.001},
      {"text": "sorting", "size":0.003},
      {"text": "web-services", "size":0.005},
      {"text": "uitableview", "size":0.002},
      {"text": "javascript-events", "size":0.001},
      {"text": "debugging", "size":0.004},
      {"text": "magento", "size":0.002},
      {"text": "ajax", "size":0.011},
      {"text": "coldfusion", "size":0.001},
      {"text": "session", "size":0.002},
      {"text": "haskell", "size":0.002},
      {"text": "cocoa-touch", "size":0.006},
      {"text": "hibernate", "size":0.004},
      {"text": "networking", "size":0.002},
      {"text": "usercontrols", "size":0.001},
      {"text": "firefox", "size":0.002},
      {"text": "codeigniter", "size":0.003},
      {"text": "asp.net-mvc", "size":0.011},
      {"text": "pointers", "size":0.003},
      {"text": "encryption", "size":0.002},
      {"text": "stored-procedures", "size":0.002},
      {"text": "floating-point", "size":0.001},
      {"text": "twitter", "size":0.001},
      {"text": "namespaces", "size":0.001},
      {"text": "windows-services", "size":0.001},
      {"text": "logging", "size":0.002},
      {"text": "datetime", "size":0.003},
      {"text": "extjs", "size":0.001},
      {"text": "xhtml", "size":0.001},
      {"text": "scripting", "size":0.001},
      {"text": "core-data", "size":0.001},
      {"text": "recursion", "size":0.001},
      {"text": "loops", "size":0.002},
      {"text": "website", "size":0.001},
      {"text": "linux", "size":0.01},
      {"text": "entity-framework", "size":0.004},
      {"text": "selenium", "size":0.001},
      {"text": "path", "size":0.001},
      {"text": "localization", "size":0.001},
      {"text": "netbeans", "size":0.001},
      {"text": "memory", "size":0.002},
      {"text": "text", "size":0.001},
      {"text": "input", "size":0.001},
      {"text": "object", "size":0.002},
      {"text": "scala", "size":0.003},
      {"text": "php5", "size":0.002},
      {"text": "symfony", "size":0.001},
      {"text": "math", "size":0.003},
      {"text": "authentication", "size":0.002},
      {"text": "formatting", "size":0.001},
      {"text": "silverlight-4.0", "size":0.001},
      {"text": "methods", "size":0.001},
      {"text": "reflection", "size":0.002},
      {"text": "sql-server", "size":0.016},
      {"text": "file", "size":0.004},
      {"text": "query", "size":0.005},
      {"text": "graph", "size":0.001},
      {"text": "time", "size":0.001},
      {"text": "mysql", "size":0.032},
      {"text": "variables", "size":0.003},
      {"text": "postgresql", "size":0.003},
      {"text": "compiler", "size":0.002},
      {"text": "foreach", "size":0.001},
      {"text": "command-line", "size":0.001},
      {"text": "flex", "size":0.005},
      {"text": "exception-handling", "size":0.001},
      {"text": "data", "size":0.001},
      {"text": "date", "size":0.002},
      {"text": "perl", "size":0.007},
      {"text": "facebook-graph-api", "size":0.001},
      {"text": ".net-4.0", "size":0.001},
      {"text": "jquery-ui", "size":0.003},
      {"text": "django-models", "size":0.001},
      {"text": "sharepoint2010", "size":0.001},
      {"text": "exception", "size":0.003},
      {"text": ".net-3.5", "size":0.001},
      {"text": "data-structures", "size":0.002},
      {"text": "jquery-selectors", "size":0.001},
      {"text": "ruby-on-rails-3", "size":0.006},
      {"text": "performance", "size":0.008},
      {"text": "interview-questions", "size":0.001},
      {"text": "function", "size":0.004},
      {"text": "eclipse", "size":0.007},
      {"text": "internationalization", "size":0.001},
      {"text": "cookies", "size":0.001},
      {"text": "database-design", "size":0.003},
      {"text": "language-agnostic", "size":0.004},
      {"text": "service", "size":0.001},
      {"text": "deployment", "size":0.001},
      {"text": "rest", "size":0.002},
      {"text": "vector", "size":0.001},
      {"text": "colors", "size":0.001},
      {"text": "maven-2", "size":0.001},
      {"text": "file-io", "size":0.001},
      {"text": "xcode4", "size":0.001},
      {"text": "visual-studio-2008", "size":0.004},
      {"text": "internet-explorer-8", "size":0.001},
      {"text": "visual-studio-2010", "size":0.005},
      {"text": "xpath", "size":0.001},
      {"text": "reference", "size":0.001},
      {"text": "cocoa", "size":0.005},
      {"text": "c++", "size":0.052},
      {"text": "configuration", "size":0.001},
      {"text": "ant", "size":0.001},
      {"text": "django", "size":0.009},
      {"text": "powershell", "size":0.001},
      {"text": "shell", "size":0.003},
      {"text": "api", "size":0.003},
      {"text": "forms", "size":0.005},
      {"text": "canvas", "size":0.001},
      {"text": "tsql", "size":0.005},
      {"text": "checkbox", "size":0.001},
      {"text": "blackberry", "size":0.001},
      {"text": "actionscript-3", "size":0.005},
      {"text": "oracle", "size":0.005},
      {"text": "search", "size":0.002},
      {"text": "curl", "size":0.001},
      {"text": "nhibernate", "size":0.003},
      {"text": "jquery", "size":0.059},
      {"text": "html", "size":0.034},
      {"text": "table", "size":0.002},
      {"text": "http", "size":0.003},
      {"text": "select", "size":0.002},
      {"text": "casting", "size":0.001},
      {"text": "mobile", "size":0.001},
      {"text": "design-patterns", "size":0.003},
      {"text": "sockets", "size":0.003},
      {"text": "ubuntu", "size":0.001},
      {"text": "sql-server-2005", "size":0.004},
      {"text": "sql-server-2008", "size":0.005},
      {"text": "jar", "size":0.001},
      {"text": "jpa", "size":0.001},
      {"text": "ios", "size":0.016},
      {"text": "batch", "size":0.001},
      {"text": "algorithm", "size":0.008},
      {"text": "vb.net", "size":0.009},
      {"text": "jsp", "size":0.002},
      {"text": "jsf", "size":0.002},
      {"text": "google", "size":0.001},
      {"text": "activity", "size":0.001},
      {"text": "jquery-mobile", "size":0.001},
      {"text": "gui", "size":0.003},
      {"text": "delete", "size":0.001},
      {"text": "swing", "size":0.004},
      {"text": "gwt", "size":0.002},
      {"text": "functional-programming", "size":0.001},
      {"text": "ide", "size":0.001},
      {"text": "iis", "size":0.002},
      {"text": "homework", "size":0.007},
      {"text": "windows-phone-7", "size":0.003},
      {"text": "json", "size":0.007},
      {"text": "fonts", "size":0.001},
      {"text": "git", "size":0.005},
      {"text": "gcc", "size":0.002},
      {"text": "import", "size":0.001},
      {"text": "application", "size":0.001},
      {"text": "html5", "size":0.004},
      {"text": "plugins", "size":0.001},
      {"text": "animation", "size":0.001},
      {"text": "opencv", "size":0.001},
      {"text": "java-ee", "size":0.002},
      {"text": "apache", "size":0.004},
      {"text": "opengl", "size":0.002},
      {"text": "csv", "size":0.001},
      {"text": "css", "size":0.026},
      {"text": "java-me", "size":0.001},
      {"text": "com", "size":0.001},
      {"text": "caching", "size":0.002},
      {"text": "redirect", "size":0.001},
      {"text": "grails", "size":0.001},
      {"text": "null", "size":0.001},
      {"text": "memory-leaks", "size":0.001},
      {"text": "layout", "size":0.002},
      {"text": "dom", "size":0.002},
      {"text": "spring", "size":0.004},
      {"text": "login", "size":0.001},
      {"text": "entity-framework-4", "size":0.001},
      {"text": "properties", "size":0.001},
      {"text": "dll", "size":0.001},
      {"text": "div", "size":0.002},
      {"text": "join", "size":0.001},
      {"text": "architecture", "size":0.002},
      {"text": "browser", "size":0.002},
      {"text": "python", "size":0.038},
      {"text": "delphi", "size":0.005},
      {"text": "ruby-on-rails", "size":0.021},
      {"text": "refactoring", "size":0.001},
      {"text": "sdk", "size":0.001},
      {"text": "ruby", "size":0.014},
      {"text": "sed", "size":0.001},
      {"text": "sql", "size":0.03},
      {"text": "serialization", "size":0.002},
      {"text": "ssl", "size":0.001},
      {"text": "stl", "size":0.001},
      {"text": "svn", "size":0.004},
      {"text": "tdd", "size":0.001},
      {"text": "tcp", "size":0.001},
      {"text": "razor", "size":0.001},
      {"text": "pdf", "size":0.002},
      {"text": "php", "size":0.079},
      {"text": "collections", "size":0.002},
      {"text": "groovy", "size":0.001},
      {"text": "optimization", "size":0.003},
      {"text": "image", "size":0.005},
      {"text": "winapi", "size":0.003},
      {"text": "button", "size":0.001},
      {"text": "textbox", "size":0.001},
      {"text": "ado.net", "size":0.001},
      {"text": "iframe", "size":0.001},
      {"text": "hash", "size":0.001},
      {"text": "dependency-injection", "size":0.001},
      {"text": "datagrid", "size":0.001},
      {"text": "attributes", "size":0.001},
      {"text": "email", "size":0.003},
      {"text": "random", "size":0.001},
      {"text": "mod-rewrite", "size":0.001},
      {"text": "utf-8", "size":0.001},
      {"text": "emacs", "size":0.001},
      {"text": "types", "size":0.001},
      {"text": "objective-c", "size":0.025},
      {"text": "arrays", "size":0.011},
      {"text": "open-source", "size":0.001},
      {"text": "silverlight", "size":0.005},
      {"text": "osx", "size":0.005},
      {"text": "google-maps", "size":0.002},
      {"text": "oop", "size":0.006},
      {"text": "orm", "size":0.001},
      {"text": "arraylist", "size":0.001},
      {"text": "opengl-es", "size":0.001},
      {"text": "spring-mvc", "size":0.001},
      {"text": "bash", "size":0.004},
      {"text": "iphone", "size":0.039},
      {"text": "web-applications", "size":0.002},
      {"text": "post", "size":0.001},
      {"text": "map", "size":0.001},
      {"text": "generics", "size":0.003},
      {"text": "mfc", "size":0.001},
      {"text": "mongodb", "size":0.002},
      {"text": "xslt", "size":0.002},
      {"text": "documentation", "size":0.001},
      {"text": "parameters", "size":0.001},
      {"text": "mvc", "size":0.003},
      {"text": "google-app-engine", "size":0.003},
      {"text": "security", "size":0.005},
      {"text": "assembly", "size":0.001},
      {"text": "sqlite", "size":0.003},
      {"text": "soap", "size":0.001},
      {"text": "model", "size":0.001},
      {"text": "graphics", "size":0.001},
      {"text": "visual-c++", "size":0.002},
      {"text": "memory-management", "size":0.002},
      {"text": "jdbc", "size":0.001},
      {"text": "validation", "size":0.003},
      {"text": "actionscript", "size":0.001},
      {"text": "uiview", "size":0.001},
      {"text": "xml", "size":0.012},
      {"text": "lambda", "size":0.001},
      {"text": "gridview", "size":0.001},
      {"text": "unit-testing", "size":0.004},
      {"text": "xcode", "size":0.008},
      {"text": "java", "size":0.087},
      {"text": "syntax", "size":0.002},
      {"text": "macros", "size":0.001},
      {"text": "wpf", "size":0.013},
      {"text": "wcf", "size":0.005},
      {"text": "jquery-plugins", "size":0.001},
      {"text": "iphone-sdk-4.0", "size":0.001},
      {"text": "android-intent", "size":0.001},
      {"text": "character-encoding", "size":0.001},
      {"text": "flash", "size":0.005},
      {"text": "reporting-services", "size":0.001},
      {"text": "vim", "size":0.002},
      {"text": ".net", "size":0.042},
      {"text": "transactions", "size":0.001},
      {"text": "content-management-system", "size":0.001},
      {"text": "vba", "size":0.002},
      {"text": "vb6", "size":0.001},
      {"text": "frameworks", "size":0.001},
      {"text": "url", "size":0.002},
      {"text": "unix", "size":0.003},
      {"text": "asp.net", "size":0.039},
      {"text": "concurrency", "size":0.001},
      {"text": "javascript", "size":0.071},
      {"text": "drop-down-menu", "size":0.001},
      {"text": "books", "size":0.001},
      {"text": "windows", "size":0.011},
      {"text": "boost", "size":0.001},
      {"text": "file-upload", "size":0.001},
      {"text": "dictionary", "size":0.001},
      {"text": "node.js", "size":0.002},
      {"text": "tfs", "size":0.001},
      {"text": "dynamic", "size":0.001},
      {"text": "resources", "size":0.001},
      {"text": "user-interface", "size":0.001},
      {"text": "enums", "size":0.001},
      {"text": "if-statement", "size":0.001},
      {"text": "c#-4.0", "size":0.002},
      {"text": "multithreading", "size":0.009},
      {"text": "uitableviewcell", "size":0.001},
      {"text": "unicode", "size":0.001},
      {"text": "class", "size":0.004},
      {"text": "for-loop", "size":0.001},
      {"text": "mercurial", "size":0.001},
      {"text": "inheritance", "size":0.002},
      {"text": "tomcat", "size":0.002},
      {"text": "asynchronous", "size":0.001},
      {"text": "string", "size":0.01},
      {"text": "wordpress", "size":0.004},
      {"text": "excel", "size":0.004},
      {"text": "phonegap", "size":0.001},
      {"text": "process", "size":0.001},
      {"text": "windows-7", "size":0.001},
      {"text": "xaml", "size":0.002},
      {"text": "constructor", "size":0.001},
      {"text": "sharepoint", "size":0.003},
      {"text": ".htaccess", "size":0.002},
      {"text": "android", "size":0.047},
      {"text": "visual-studio", "size":0.007},
      {"text": "coding-style", "size":0.002},
      {"text": "listview", "size":0.002},
      {"text": "static", "size":0.001},
      {"text": "internet-explorer", "size":0.003},
      {"text": "linq", "size":0.007},
      {"text": "list", "size":0.004},
      {"text": "vbscript", "size":0.001},
      {"text": "winforms", "size":0.008}